Domain Code,Domain,Reporter Country Code (M49),Reporter Countries,Partner Country Code (M49),Partner Countries,Element Code,Element,Item Code (CPC),Item,Year Code,Year,Unit,Value,Flag,Flag Description
"TM","Detailed trade matrix","792","Türkiye","008","Albania","5910","Export Quantity","0141","Soya beans","1996","1996","t","14","A","Official figure"
"TM","Detailed trade matrix","792","Türkiye","012","Algeria","5910","Export Quantity","0141","Soya beans","2022","2022","t","0","A","Official figure"
"TM","Detailed trade matrix","792","Türkiye","032","Argentina","5610","Import Quantity","0141","Soya beans","1992","1992","t","10821","A","Official figure"
"TM","Detailed trade matrix","792","Türkiye","032","Argentina","5610","Import Quantity","0141","Soya beans","1993","1993","t","18082","A","Official figure"
"TM","Detailed trade matrix","792","Türkiye","032","Argentina","5610","Import Quantity","0141","Soya beans","1995","1995","t","52408","A","Official figure"
"TM","Detailed trade matrix","792","Türkiye","032","Argentina","5610","Import Quantity","0141","Soya beans","1996","1996","t","5869","A","Official figure"
"TM","Detailed trade matrix","792","Türkiye","032","Argentina","5610","Import Quantity","0141","Soya beans","1998","1998","t","11300","A","Official figure"
"TM","Detailed trade matrix","792","Türkiye","032","Argentina","5610","Import Quantity","0141","Soya beans","1999","1999","t","38034","A","Official figure"
"TM","Detailed trade matrix","792","Türkiye","032","Argentina","5610","Import Quantity","0141","Soya beans","2000","2000","t","17990","A","Official figure"
"TM","Detailed trade matrix","792","Türkiye","032","Argentina","5610","Import Quantity","0141","Soya beans","2002","2002","t","71230","A","Official figure"
"TM","Detailed trade matrix","792","Türkiye","032","Argentina","5610","Import Quantity","0141","Soya beans","2003","2003","t","336991","A","Official figure"
"TM","Detailed trade matrix","792","Türkiye","032","Argentina","5610","Import Quantity","0141","Soya beans","2004","2004","t","238948","A","Official figure"
"TM","Detailed trade matrix","792","Türkiye","032","Argentina","5610","Import Quantity","0141","Soya beans","2005","2005","t","207235","A","Official figure"
"TM","Detailed trade matrix","792","Türkiye","032","Argentina","5610","Import Quantity","0141","Soya beans","2006","2006","t","33260","A","Official figure"
"TM","Detailed trade matrix","792","Türkiye","032","Argentina","5610","Import Quantity","0141","Soya beans","2007","2007","t","445804","A","Official figure"
"TM","Detailed trade matrix","792","Türkiye","032","Argentina","5610","Import Quantity","0141","Soya beans","2008","2008","t","520071","A","Official figure"
"TM","Detailed trade matrix","792","Türkiye","032","Argentina","5610","Import Quantity","0141","Soya beans","2009","2009","t","87158","A","Official figure"
"TM","Detailed trade matrix","792","Türkiye","032","Argentina","5610","Import Quantity","0141","Soya beans","2010","2010","t","103059","A","Official figure"
"TM","Detailed trade matrix","792","Türkiye","032","Argentina","5610","Import Quantity","0141","Soya beans","2011","2011","t","129528","A","Official figure"
"TM","Detailed trade matrix","792","Türkiye","032","Argentina","5610","Import Quantity","0141","Soya beans","2012","2012","t","131748","A","Official figure"
"TM","Detailed trade matrix","792","Türkiye","032","Argentina","5610","Import Quantity","0141","Soya beans","2013","2013","t","117587","A","Official figure"
"TM","Detailed trade matrix","792","Türkiye","032","Argentina","5610","Import Quantity","0141","Soya beans","2014","2014","t","77662.46","A","Official figure"
"TM","Detailed trade matrix","792","Türkiye","032","Argentina","5610","Import Quantity","0141","Soya beans","2015","2015","t","15401.8","A","Official figure"
"TM","Detailed trade matrix","792","Türkiye","032","Argentina","5610","Import Quantity","0141","Soya beans","2016","2016","t","92622.08","A","Official figure"
"TM","Detailed trade matrix","792","Türkiye","032","Argentina","5610","Import Quantity","0141","Soya beans","2017","2017","t","77640.23","A","Official figure"
"TM","Detailed trade matrix","792","Türkiye","032","Argentina","5610","Import Quantity","0141","Soya beans","2019","2019","t","0","A","Official figure"
"TM","Detailed trade matrix","792","Türkiye","032","Argentina","5610","Import Quantity","0141","Soya beans","2021","2021","t","0.01","A","Official figure"
"TM","Detailed trade matrix","792","Türkiye","032","Argentina","5610","Import Quantity","0141","Soya beans","2022","2022","t","39387","A","Official figure"
"TM","Detailed trade matrix","792","Türkiye","040","Austria","5610","Import Quantity","0141","Soya beans","2009","2009","t","0","A","Official figure"
"TM","Detailed trade matrix","792","Türkiye","040","Austria","5610","Import Quantity","0141","Soya beans","2011","2011","t","2","A","Official figure"
"TM","Detailed trade matrix","792","Türkiye","040","Austria","5610","Import Quantity","0141","Soya beans","2013","2013","t","5","A","Official figure"
"TM","Detailed trade matrix","792","Türkiye","040","Austria","5610","Import Quantity","0141","Soya beans","2021","2021","t","0.01","A","Official figure"
"TM","Detailed trade matrix","792","Türkiye","040","Austria","5610","Import Quantity","0141","Soya beans","2022","2022","t","1.43","A","Official figure"
"TM","Detailed trade matrix","792","Türkiye","040","Austria","5910","Export Quantity","0141","Soya beans","2000","2000","t","3","A","Official figure"
"TM","Detailed trade matrix","792","Türkiye","031","Azerbaijan","5910","Export Quantity","0141","Soya beans","2005","2005","t","0","A","Official figure"
"TM","Detailed trade matrix","792","Türkiye","031","Azerbaijan","5910","Export Quantity","0141","Soya beans","2006","2006","t","0","A","Official figure"
"TM","Detailed trade matrix","792","Türkiye","031","Azerbaijan","5910","Export Quantity","0141","Soya beans","2007","2007","t","18","A","Official figure"
"TM","Detailed trade matrix","792","Türkiye","031","Azerbaijan","5910","Export Quantity","0141","Soya beans","2008","2008","t","57","A","Official figure"
"TM","Detailed trade matrix","792","Türkiye","031","Azerbaijan","5910","Export Quantity","0141","Soya beans","2009","2009","t","40","A","Official figure"
"TM","Detailed trade matrix","792","Türkiye","031","Azerbaijan","5910","Export Quantity","0141","Soya beans","2011","2011","t","2","A","Official figure"
"TM","Detailed trade matrix","792","Türkiye","031","Azerbaijan","5910","Export Quantity","0141","Soya beans","2012","2012","t","4","A","Official figure"
"TM","Detailed trade matrix","792","Türkiye","031","Azerbaijan","5910","Export Quantity","0141","Soya beans","2013","2013","t","12","A","Official figure"
"TM","Detailed trade matrix","792","Türkiye","031","Azerbaijan","5910","Export Quantity","0141","Soya beans","2014","2014","t","0.5","A","Official figure"
"TM","Detailed trade matrix","792","Türkiye","031","Azerbaijan","5910","Export Quantity","0141","Soya beans","2015","2015","t","31.5","A","Official figure"
"TM","Detailed trade matrix","792","Türkiye","031","Azerbaijan","5910","Export Quantity","0141","Soya beans","2016","2016","t","33.8","A","Official figure"
"TM","Detailed trade matrix","792","Türkiye","031","Azerbaijan","5910","Export Quantity","0141","Soya beans","2017","2017","t","589.2","A","Official figure"
"TM","Detailed trade matrix","792","Türkiye","031","Azerbaijan","5910","Export Quantity","0141","Soya beans","2018","2018","t","86","A","Official figure"
"TM","Detailed trade matrix","792","Türkiye","031","Azerbaijan","5910","Export Quantity","0141","Soya beans","2019","2019","t","82.7","A","Official figure"
"TM","Detailed trade matrix","792","Türkiye","031","Azerbaijan","5910","Export Quantity","0141","Soya beans","2020","2020","t","108","A","Official figure"
"TM","Detailed trade matrix","792","Türkiye","031","Azerbaijan","5910","Export Quantity","0141","Soya beans","2021","2021","t","10743.99","A","Official figure"
"TM","Detailed trade matrix","792","Türkiye","031","Azerbaijan","5910","Export Quantity","0141","Soya beans","2022","2022","t","162.03","A","Official figure"
"TM","Detailed trade matrix","792","Türkiye","044","Bahamas","5910","Export Quantity","0141","Soya beans","2000","2000","t","2","A","Official figure"
"TM","Detailed trade matrix","792","Türkiye","044","Bahamas","5910","Export Quantity","0141","Soya beans","2020","2020","t","0.03","A","Official figure"
"TM","Detailed trade matrix","792","Türkiye","044","Bahamas","5910","Export Quantity","0141","Soya beans","2021","2021","t","0.05","A","Official figure"
"TM","Detailed trade matrix","792","Türkiye","044","Bahamas","5910","Export Quantity","0141","Soya beans","2022","2022","t","0.1","A","Official figure"
"TM","Detailed trade matrix","792","Türkiye","050","Bangladesh","5910","Export Quantity","0141","Soya beans","2020","2020","t","0.01","A","Official figure"
"TM","Detailed trade matrix","792","Türkiye","050","Bangladesh","5910","Export Quantity","0141","Soya beans","2021","2021","t","0.02","A","Official figure"
"TM","Detailed trade matrix","792","Türkiye","056","Belgium","5610","Import Quantity","0141","Soya beans","2007","2007","t","1","A","Official figure"
"TM","Detailed trade matrix","792","Türkiye","056","Belgium","5610","Import Quantity","0141","Soya beans","2008","2008","t","2","A","Official figure"
"TM","Detailed trade matrix","792","Türkiye","056","Belgium","5610","Import Quantity","0141","Soya beans","2009","2009","t","1","A","Official figure"
"TM","Detailed trade matrix","792","Türkiye","056","Belgium","5610","Import Quantity","0141","Soya beans","2010","2010","t","2","A","Official figure"
"TM","Detailed trade matrix","792","Türkiye","204","Benin","5610","Import Quantity","0141","Soya beans","2017","2017","t","106.72","A","Official figure"
"TM","Detailed trade matrix","792","Türkiye","204","Benin","5610","Import Quantity","0141","Soya beans","2018","2018","t","5112.24","A","Official figure"
"TM","Detailed trade matrix","792","Türkiye","204","Benin","5610","Import Quantity","0141","Soya beans","2020","2020","t","686.8","A","Official figure"
"TM","Detailed trade matrix","792","Türkiye","070","Bosnia and Herzegovina","5610","Import Quantity","0141","Soya beans","2019","2019","t","2707.94","A","Official figure"
"TM","Detailed trade matrix","792","Türkiye","070","Bosnia and Herzegovina","5610","Import Quantity","0141","Soya beans","2020","2020","t","2709.9","A","Official figure"
"TM","Detailed trade matrix","792","Türkiye","070","Bosnia and Herzegovina","5910","Export Quantity","0141","Soya beans","2000","2000","t","0","A","Official figure"
"TM","Detailed trade matrix","792","Türkiye","070","Bosnia and Herzegovina","5910","Export Quantity","0141","Soya beans","2006","2006","t","1","A","Official figure"
"TM","Detailed trade matrix","792","Türkiye","070","Bosnia and Herzegovina","5910","Export Quantity","0141","Soya beans","2007","2007","t","0","A","Official figure"
"TM","Detailed trade matrix","792","Türkiye","076","Brazil","5610","Import Quantity","0141","Soya beans","1992","1992","t","4547","A","Official figure"
"TM","Detailed trade matrix","792","Türkiye","076","Brazil","5610","Import Quantity","0141","Soya beans","1995","1995","t","5479","A","Official figure"
"TM","Detailed trade matrix","792","Türkiye","076","Brazil","5610","Import Quantity","0141","Soya beans","1996","1996","t","5300","A","Official figure"
"TM","Detailed trade matrix","792","Türkiye","076","Brazil","5610","Import Quantity","0141","Soya beans","1997","1997","t","62243","A","Official figure"
"TM","Detailed trade matrix","792","Türkiye","076","Brazil","5610","Import Quantity","0141","Soya beans","1998","1998","t","90760","A","Official figure"
"TM","Detailed trade matrix","792","Türkiye","076","Brazil","5610","Import Quantity","0141","Soya beans","1999","1999","t","20564","A","Official figure"
"TM","Detailed trade matrix","792","Türkiye","076","Brazil","5610","Import Quantity","0141","Soya beans","2000","2000","t","53139","A","Official figure"
"TM","Detailed trade matrix","792","Türkiye","076","Brazil","5610","Import Quantity","0141","Soya beans","2001","2001","t","7087","A","Official figure"
"TM","Detailed trade matrix","792","Türkiye","076","Brazil","5610","Import Quantity","0141","Soya beans","2003","2003","t","56745","A","Official figure"
"TM","Detailed trade matrix","792","Türkiye","076","Brazil","5610","Import Quantity","0141","Soya beans","2004","2004","t","18122","A","Official figure"
"TM","Detailed trade matrix","792","Türkiye","076","Brazil","5610","Import Quantity","0141","Soya beans","2005","2005","t","188731","A","Official figure"
"TM","Detailed trade matrix","792","Türkiye","076","Brazil","5610","Import Quantity","0141","Soya beans","2006","2006","t","169638","A","Official figure"
"TM","Detailed trade matrix","792","Türkiye","076","Brazil","5610","Import Quantity","0141","Soya beans","2007","2007","t","99938","A","Official figure"
"TM","Detailed trade matrix","792","Türkiye","076","Brazil","5610","Import Quantity","0141","Soya beans","2008","2008","t","125812","A","Official figure"
"TM","Detailed trade matrix","792","Türkiye","076","Brazil","5610","Import Quantity","0141","Soya beans","2009","2009","t","12972","A","Official figure"
"TM","Detailed trade matrix","792","Türkiye","076","Brazil","5610","Import Quantity","0141","Soya beans","2010","2010","t","203505","A","Official figure"
"TM","Detailed trade matrix","792","Türkiye","076","Brazil","5610","Import Quantity","0141","Soya beans","2011","2011","t","318940","A","Official figure"
"TM","Detailed trade matrix","792","Türkiye","076","Brazil","5610","Import Quantity","0141","Soya beans","2012","2012","t","9607","A","Official figure"
"TM","Detailed trade matrix","792","Türkiye","076","Brazil","5610","Import Quantity","0141","Soya beans","2013","2013","t","121867","A","Official figure"
"TM","Detailed trade matrix","792","Türkiye","076","Brazil","5610","Import Quantity","0141","Soya beans","2014","2014","t","521876.04","A","Official figure"
"TM","Detailed trade matrix","792","Türkiye","076","Brazil","5610","Import Quantity","0141","Soya beans","2015","2015","t","101065.7","A","Official figure"
"TM","Detailed trade matrix","792","Türkiye","076","Brazil","5610","Import Quantity","0141","Soya beans","2016","2016","t","201974.92","A","Official figure"
"TM","Detailed trade matrix","792","Türkiye","076","Brazil","5610","Import Quantity","0141","Soya beans","2017","2017","t","337954.9","A","Official figure"
"TM","Detailed trade matrix","792","Türkiye","076","Brazil","5610","Import Quantity","0141","Soya beans","2018","2018","t","1295422.8","A","Official figure"
"TM","Detailed trade matrix","792","Türkiye","076","Brazil","5610","Import Quantity","0141","Soya beans","2019","2019","t","1312771.9","A","Official figure"
"TM","Detailed trade matrix","792","Türkiye","076","Brazil","5610","Import Quantity","0141","Soya beans","2020","2020","t","2163838.66","A","Official figure"
"TM","Detailed trade matrix","792","Türkiye","076","Brazil","5610","Import Quantity","0141","Soya beans","2021","2021","t","1813340.76","A","Official figure"
"TM","Detailed trade matrix","792","Türkiye","076","Brazil","5610","Import Quantity","0141","Soya beans","2022","2022","t","2015827.7","A","Official figure"
"TM","Detailed trade matrix","792","Türkiye","100","Bulgaria","5610","Import Quantity","0141","Soya beans","2008","2008","t","40","A","Official figure"
"TM","Detailed trade matrix","792","Türkiye","100","Bulgaria","5610","Import Quantity","0141","Soya beans","2016","2016","t","3757.32","A","Official figure"
"TM","Detailed trade matrix","792","Türkiye","100","Bulgaria","5910","Export Quantity","0141","Soya beans","2008","2008","t","80","A","Official figure"
"TM","Detailed trade matrix","792","Türkiye","100","Bulgaria","5910","Export Quantity","0141","Soya beans","2015","2015","t","44","A","Official figure"
"TM","Detailed trade matrix","792","Türkiye","100","Bulgaria","5910","Export Quantity","0141","Soya beans","2021","2021","t","0","A","Official figure"
"TM","Detailed trade matrix","792","Türkiye","100","Bulgaria","5910","Export Quantity","0141","Soya beans","2022","2022","t","0","A","Official figure"
"TM","Detailed trade matrix","792","Türkiye","124","Canada","5610","Import Quantity","0141","Soya beans","1991","1991","t","319","A","Official figure"
"TM","Detailed trade matrix","792","Türkiye","124","Canada","5610","Import Quantity","0141","Soya beans","1996","1996","t","24401","A","Official figure"
"TM","Detailed trade matrix","792","Türkiye","124","Canada","5610","Import Quantity","0141","Soya beans","2004","2004","t","10057","A","Official figure"
"TM","Detailed trade matrix","792","Türkiye","124","Canada","5610","Import Quantity","0141","Soya beans","2006","2006","t","0","A","Official figure"
"TM","Detailed trade matrix","792","Türkiye","124","Canada","5610","Import Quantity","0141","Soya beans","2007","2007","t","33803","A","Official figure"
"TM","Detailed trade matrix","792","Türkiye","124","Canada","5610","Import Quantity","0141","Soya beans","2008","2008","t","2020","A","Official figure"
"TM","Detailed trade matrix","792","Türkiye","124","Canada","5610","Import Quantity","0141","Soya beans","2009","2009","t","5920","A","Official figure"
"TM","Detailed trade matrix","792","Türkiye","124","Canada","5610","Import Quantity","0141","Soya beans","2011","2011","t","5480","A","Official figure"
"TM","Detailed trade matrix","792","Türkiye","124","Canada","5610","Import Quantity","0141","Soya beans","2013","2013","t","26500","A","Official figure"
"TM","Detailed trade matrix","792","Türkiye","124","Canada","5610","Import Quantity","0141","Soya beans","2014","2014","t","7346.48","A","Official figure"
"TM","Detailed trade matrix","792","Türkiye","124","Canada","5610","Import Quantity","0141","Soya beans","2016","2016","t","69392.78","A","Official figure"
"TM","Detailed trade matrix","792","Türkiye","124","Canada","5610","Import Quantity","0141","Soya beans","2017","2017","t","57612.7","A","Official figure"
"TM","Detailed trade matrix","792","Türkiye","124","Canada","5610","Import Quantity","0141","Soya beans","2018","2018","t","56291.54","A","Official figure"
"TM","Detailed trade matrix","792","Türkiye","124","Canada","5610","Import Quantity","0141","Soya beans","2019","2019","t","40.8","A","Official figure"
"TM","Detailed trade matrix","792","Türkiye","124","Canada","5610","Import Quantity","0141","Soya beans","2021","2021","t","35931.72","A","Official figure"
"TM","Detailed trade matrix","792","Türkiye","124","Canada","5910","Export Quantity","0141","Soya beans","2012","2012","t","200","A","Official figure"
"TM","Detailed trade matrix","792","Türkiye","124","Canada","5910","Export Quantity","0141","Soya beans","2013","2013","t","890","A","Official figure"
"TM","Detailed trade matrix","792","Türkiye","124","Canada","5910","Export Quantity","0141","Soya beans","2016","2016","t","3324.26","A","Official figure"
"TM","Detailed trade matrix","792","Türkiye","124","Canada","5910","Export Quantity","0141","Soya beans","2019","2019","t","42","A","Official figure"
"TM","Detailed trade matrix","792","Türkiye","124","Canada","5910","Export Quantity","0141","Soya beans","2020","2020","t","1651.67","A","Official figure"
"TM","Detailed trade matrix","792","Türkiye","124","Canada","5910","Export Quantity","0141","Soya beans","2021","2021","t","6424.35","A","Official figure"
"TM","Detailed trade matrix","792","Türkiye","124","Canada","5910","Export Quantity","0141","Soya beans","2022","2022","t","1541.01","A","Official figure"
"TM","Detailed trade matrix","792","Türkiye","152","Chile","5610","Import Quantity","0141","Soya beans","2016","2016","t","0.34","A","Official figure"
"TM","Detailed trade matrix","792","Türkiye","152","Chile","5610","Import Quantity","0141","Soya beans","2019","2019","t","0.02","A","Official figure"
"TM","Detailed trade matrix","792","Türkiye","344","China, Hong Kong SAR","5610","Import Quantity","0141","Soya beans","2000","2000","t","5","A","Official figure"
"TM","Detailed trade matrix","792","Türkiye","344","China, Hong Kong SAR","5910","Export Quantity","0141","Soya beans","2020","2020","t","0.05","A","Official figure"
"TM","Detailed trade matrix","792","Türkiye","344","China, Hong Kong SAR","5910","Export Quantity","0141","Soya beans","2021","2021","t","0.07","A","Official figure"
"TM","Detailed trade matrix","792","Türkiye","344","China, Hong Kong SAR","5910","Export Quantity","0141","Soya beans","2022","2022","t","0.07","A","Official figure"
"TM","Detailed trade matrix","792","Türkiye","156","China, mainland","5610","Import Quantity","0141","Soya beans","1997","1997","t","5","A","Official figure"
"TM","Detailed trade matrix","792","Türkiye","156","China, mainland","5610","Import Quantity","0141","Soya beans","1999","1999","t","18","A","Official figure"
"TM","Detailed trade matrix","792","Türkiye","156","China, mainland","5610","Import Quantity","0141","Soya beans","2002","2002","t","13","A","Official figure"
"TM","Detailed trade matrix","792","Türkiye","156","China, mainland","5610","Import Quantity","0141","Soya beans","2003","2003","t","17","A","Official figure"
"TM","Detailed trade matrix","792","Türkiye","156","China, mainland","5610","Import Quantity","0141","Soya beans","2006","2006","t","1","A","Official figure"
"TM","Detailed trade matrix","792","Türkiye","156","China, mainland","5610","Import Quantity","0141","Soya beans","2007","2007","t","115","A","Official figure"
"TM","Detailed trade matrix","792","Türkiye","156","China, mainland","5610","Import Quantity","0141","Soya beans","2012","2012","t","4","A","Official figure"
"TM","Detailed trade matrix","792","Türkiye","156","China, mainland","5610","Import Quantity","0141","Soya beans","2013","2013","t","30","A","Official figure"
"TM","Detailed trade matrix","792","Türkiye","156","China, mainland","5610","Import Quantity","0141","Soya beans","2014","2014","t","23.96","A","Official figure"
"TM","Detailed trade matrix","792","Türkiye","156","China, mainland","5610","Import Quantity","0141","Soya beans","2015","2015","t","43.57","A","Official figure"
"TM","Detailed trade matrix","792","Türkiye","156","China, mainland","5610","Import Quantity","0141","Soya beans","2016","2016","t","27","A","Official figure"
"TM","Detailed trade matrix","792","Türkiye","156","China, mainland","5610","Import Quantity","0141","Soya beans","2017","2017","t","66.43","A","Official figure"
"TM","Detailed trade matrix","792","Türkiye","156","China, mainland","5610","Import Quantity","0141","Soya beans","2018","2018","t","49","A","Official figure"
"TM","Detailed trade matrix","792","Türkiye","156","China, mainland","5610","Import Quantity","0141","Soya beans","2019","2019","t","64.98","A","Official figure"
"TM","Detailed trade matrix","792","Türkiye","156","China, mainland","5610","Import Quantity","0141","Soya beans","2020","2020","t","100.33","A","Official figure"
"TM","Detailed trade matrix","792","Türkiye","156","China, mainland","5610","Import Quantity","0141","Soya beans","2021","2021","t","179.13","A","Official figure"
"TM","Detailed trade matrix","792","Türkiye","156","China, mainland","5610","Import Quantity","0141","Soya beans","2022","2022","t","4575.14","A","Official figure"
"TM","Detailed trade matrix","792","Türkiye","156","China, mainland","5910","Export Quantity","0141","Soya beans","2022","2022","t","1.18","A","Official figure"
"TM","Detailed trade matrix","792","Türkiye","174","Comoros","5910","Export Quantity","0141","Soya beans","2022","2022","t","0.04","A","Official figure"
"TM","Detailed trade matrix","792","Türkiye","384","Côte d'Ivoire","5610","Import Quantity","0141","Soya beans","2017","2017","t","70.19","A","Official figure"
"TM","Detailed trade matrix","792","Türkiye","191","Croatia","5610","Import Quantity","0141","Soya beans","2000","2000","t","1","A","Official figure"
"TM","Detailed trade matrix","792","Türkiye","191","Croatia","5610","Import Quantity","0141","Soya beans","2012","2012","t","0","A","Official figure"
"TM","Detailed trade matrix","792","Türkiye","191","Croatia","5610","Import Quantity","0141","Soya beans","2013","2013","t","0","A","Official figure"
"TM","Detailed trade matrix","792","Türkiye","191","Croatia","5610","Import Quantity","0141","Soya beans","2015","2015","t","0.35","A","Official figure"
"TM","Detailed trade matrix","792","Türkiye","191","Croatia","5610","Import Quantity","0141","Soya beans","2020","2020","t","0.02","A","Official figure"
"TM","Detailed trade matrix","792","Türkiye","191","Croatia","5910","Export Quantity","0141","Soya beans","1998","1998","t","3","A","Official figure"
"TM","Detailed trade matrix","792","Türkiye","196","Cyprus","5910","Export Quantity","0141","Soya beans","1996","1996","t","0","A","Official figure"
"TM","Detailed trade matrix","792","Türkiye","196","Cyprus","5910","Export Quantity","0141","Soya beans","1999","1999","t","2","A","Official figure"
"TM","Detailed trade matrix","792","Türkiye","196","Cyprus","5910","Export Quantity","0141","Soya beans","2000","2000","t","43","A","Official figure"
"TM","Detailed trade matrix","792","Türkiye","196","Cyprus","5910","Export Quantity","0141","Soya beans","2006","2006","t","25","A","Official figure"
"TM","Detailed trade matrix","792","Türkiye","196","Cyprus","5910","Export Quantity","0141","Soya beans","2008","2008","t","0","A","Official figure"
"TM","Detailed trade matrix","792","Türkiye","196","Cyprus","5910","Export Quantity","0141","Soya beans","2012","2012","t","2000","A","Official figure"
"TM","Detailed trade matrix","792","Türkiye","196","Cyprus","5910","Export Quantity","0141","Soya beans","2013","2013","t","1200","A","Official figure"
"TM","Detailed trade matrix","792","Türkiye","196","Cyprus","5910","Export Quantity","0141","Soya beans","2017","2017","t","2250","A","Official figure"
"TM","Detailed trade matrix","792","Türkiye","196","Cyprus","5910","Export Quantity","0141","Soya beans","2018","2018","t","1250","A","Official figure"
"TM","Detailed trade matrix","792","Türkiye","196","Cyprus","5910","Export Quantity","0141","Soya beans","2019","2019","t","3200","A","Official figure"
"TM","Detailed trade matrix","792","Türkiye","196","Cyprus","5910","Export Quantity","0141","Soya beans","2020","2020","t","3253.66","A","Official figure"
"TM","Detailed trade matrix","792","Türkiye","196","Cyprus","5910","Export Quantity","0141","Soya beans","2021","2021","t","2402.05","A","Official figure"
"TM","Detailed trade matrix","792","Türkiye","196","Cyprus","5910","Export Quantity","0141","Soya beans","2022","2022","t","2350","A","Official figure"
"TM","Detailed trade matrix","792","Türkiye","203","Czechia","5610","Import Quantity","0141","Soya beans","2000","2000","t","1","A","Official figure"
"TM","Detailed trade matrix","792","Türkiye","203","Czechia","5910","Export Quantity","0141","Soya beans","2021","2021","t","0.03","A","Official figure"
"TM","Detailed trade matrix","792","Türkiye","208","Denmark","5610","Import Quantity","0141","Soya beans","1997","1997","t","18","A","Official figure"
"TM","Detailed trade matrix","792","Türkiye","208","Denmark","5910","Export Quantity","0141","Soya beans","2020","2020","t","0.02","A","Official figure"
"TM","Detailed trade matrix","792","Türkiye","818","Egypt","5910","Export Quantity","0141","Soya beans","1991","1991","t","12","A","Official figure"
"TM","Detailed trade matrix","792","Türkiye","818","Egypt","5910","Export Quantity","0141","Soya beans","2022","2022","t","0","A","Official figure"
"TM","Detailed trade matrix","792","Türkiye","231","Ethiopia","5610","Import Quantity","0141","Soya beans","2015","2015","t","110","A","Official figure"
"TM","Detailed trade matrix","792","Türkiye","231","Ethiopia","5610","Import Quantity","0141","Soya beans","2016","2016","t","2725.86","A","Official figure"
"TM","Detailed trade matrix","792","Türkiye","231","Ethiopia","5610","Import Quantity","0141","Soya beans","2018","2018","t","1078","A","Official figure"
"TM","Detailed trade matrix","792","Türkiye","231","Ethiopia","5610","Import Quantity","0141","Soya beans","2019","2019","t","2024","A","Official figure"
"TM","Detailed trade matrix","792","Türkiye","231","Ethiopia","5610","Import Quantity","0141","Soya beans","2020","2020","t","10249.82","A","Official figure"
"TM","Detailed trade matrix","792","Türkiye","231","Ethiopia","5610","Import Quantity","0141","Soya beans","2022","2022","t","44","A","Official figure"
"TM","Detailed trade matrix","792","Türkiye","231","Ethiopia","5910","Export Quantity","0141","Soya beans","2009","2009","t","0","A","Official figure"
"TM","Detailed trade matrix","792","Türkiye","250","France","5610","Import Quantity","0141","Soya beans","1988","1988","t","6","A","Official figure"
"TM","Detailed trade matrix","792","Türkiye","250","France","5610","Import Quantity","0141","Soya beans","1997","1997","t","2","A","Official figure"
"TM","Detailed trade matrix","792","Türkiye","250","France","5610","Import Quantity","0141","Soya beans","1998","1998","t","0","A","Official figure"
"TM","Detailed trade matrix","792","Türkiye","250","France","5610","Import Quantity","0141","Soya beans","2011","2011","t","0","A","Official figure"
"TM","Detailed trade matrix","792","Türkiye","250","France","5610","Import Quantity","0141","Soya beans","2015","2015","t","0.1","A","Official figure"
"TM","Detailed trade matrix","792","Türkiye","250","France","5610","Import Quantity","0141","Soya beans","2020","2020","t","0.02","A","Official figure"
"TM","Detailed trade matrix","792","Türkiye","250","France","5910","Export Quantity","0141","Soya beans","2021","2021","t","0.11","A","Official figure"
"TM","Detailed trade matrix","792","Türkiye","250","France","5910","Export Quantity","0141","Soya beans","2022","2022","t","0.09","A","Official figure"
"TM","Detailed trade matrix","792","Türkiye","266","Gabon","5910","Export Quantity","0141","Soya beans","2020","2020","t","0.15","A","Official figure"
"TM","Detailed trade matrix","792","Türkiye","268","Georgia","5610","Import Quantity","0141","Soya beans","2016","2016","t","139.86","A","Official figure"
"TM","Detailed trade matrix","792","Türkiye","268","Georgia","5910","Export Quantity","0141","Soya beans","2011","2011","t","1","A","Official figure"
"TM","Detailed trade matrix","792","Türkiye","268","Georgia","5910","Export Quantity","0141","Soya beans","2013","2013","t","5651","A","Official figure"
"TM","Detailed trade matrix","792","Türkiye","268","Georgia","5910","Export Quantity","0141","Soya beans","2015","2015","t","11","A","Official figure"
"TM","Detailed trade matrix","792","Türkiye","268","Georgia","5910","Export Quantity","0141","Soya beans","2019","2019","t","1.5","A","Official figure"
"TM","Detailed trade matrix","792","Türkiye","268","Georgia","5910","Export Quantity","0141","Soya beans","2020","2020","t","2000","A","Official figure"
"TM","Detailed trade matrix","792","Türkiye","268","Georgia","5910","Export Quantity","0141","Soya beans","2022","2022","t","12102.25","A","Official figure"
"TM","Detailed trade matrix","792","Türkiye","276","Germany","5610","Import Quantity","0141","Soya beans","1992","1992","t","2","A","Official figure"
"TM","Detailed trade matrix","792","Türkiye","276","Germany","5610","Import Quantity","0141","Soya beans","1995","1995","t","5","A","Official figure"
"TM","Detailed trade matrix","792","Türkiye","276","Germany","5610","Import Quantity","0141","Soya beans","1996","1996","t","15","A","Official figure"
"TM","Detailed trade matrix","792","Türkiye","276","Germany","5610","Import Quantity","0141","Soya beans","1999","1999","t","0","A","Official figure"
"TM","Detailed trade matrix","792","Türkiye","276","Germany","5610","Import Quantity","0141","Soya beans","2002","2002","t","1","A","Official figure"
"TM","Detailed trade matrix","792","Türkiye","276","Germany","5610","Import Quantity","0141","Soya beans","2003","2003","t","2","A","Official figure"
"TM","Detailed trade matrix","792","Türkiye","276","Germany","5610","Import Quantity","0141","Soya beans","2004","2004","t","1","A","Official figure"
"TM","Detailed trade matrix","792","Türkiye","276","Germany","5610","Import Quantity","0141","Soya beans","2005","2005","t","4","A","Official figure"
"TM","Detailed trade matrix","792","Türkiye","276","Germany","5610","Import Quantity","0141","Soya beans","2007","2007","t","2","A","Official figure"
"TM","Detailed trade matrix","792","Türkiye","276","Germany","5610","Import Quantity","0141","Soya beans","2008","2008","t","5","A","Official figure"
"TM","Detailed trade matrix","792","Türkiye","276","Germany","5610","Import Quantity","0141","Soya beans","2009","2009","t","3","A","Official figure"
"TM","Detailed trade matrix","792","Türkiye","276","Germany","5610","Import Quantity","0141","Soya beans","2010","2010","t","7","A","Official figure"
"TM","Detailed trade matrix","792","Türkiye","276","Germany","5610","Import Quantity","0141","Soya beans","2011","2011","t","7","A","Official figure"
"TM","Detailed trade matrix","792","Türkiye","276","Germany","5610","Import Quantity","0141","Soya beans","2012","2012","t","15","A","Official figure"
"TM","Detailed trade matrix","792","Türkiye","276","Germany","5610","Import Quantity","0141","Soya beans","2013","2013","t","15","A","Official figure"
"TM","Detailed trade matrix","792","Türkiye","276","Germany","5610","Import Quantity","0141","Soya beans","2020","2020","t","0","A","Official figure"
"TM","Detailed trade matrix","792","Türkiye","276","Germany","5910","Export Quantity","0141","Soya beans","1997","1997","t","1","A","Official figure"
"TM","Detailed trade matrix","792","Türkiye","276","Germany","5910","Export Quantity","0141","Soya beans","2004","2004","t","0","A","Official figure"
"TM","Detailed trade matrix","792","Türkiye","276","Germany","5910","Export Quantity","0141","Soya beans","2019","2019","t","0.59","A","Official figure"
"TM","Detailed trade matrix","792","Türkiye","276","Germany","5910","Export Quantity","0141","Soya beans","2020","2020","t","0.01","A","Official figure"
"TM","Detailed trade matrix","792","Türkiye","276","Germany","5910","Export Quantity","0141","Soya beans","2021","2021","t","0.22","A","Official figure"
"TM","Detailed trade matrix","792","Türkiye","276","Germany","5910","Export Quantity","0141","Soya beans","2022","2022","t","0.01","A","Official figure"
"TM","Detailed trade matrix","792","Türkiye","288","Ghana","5610","Import Quantity","0141","Soya beans","2016","2016","t","6555.87","A","Official figure"
"TM","Detailed trade matrix","792","Türkiye","288","Ghana","5610","Import Quantity","0141","Soya beans","2017","2017","t","2521.6","A","Official figure"
"TM","Detailed trade matrix","792","Türkiye","288","Ghana","5610","Import Quantity","0141","Soya beans","2018","2018","t","3306.55","A","Official figure"
"TM","Detailed trade matrix","792","Türkiye","288","Ghana","5610","Import Quantity","0141","Soya beans","2019","2019","t","8819.86","A","Official figure"
"TM","Detailed trade matrix","792","Türkiye","288","Ghana","5610","Import Quantity","0141","Soya beans","2020","2020","t","2992.37","A","Official figure"
"TM","Detailed trade matrix","792","Türkiye","288","Ghana","5610","Import Quantity","0141","Soya beans","2021","2021","t","17891.38","A","Official figure"
"TM","Detailed trade matrix","792","Türkiye","288","Ghana","5610","Import Quantity","0141","Soya beans","2022","2022","t","8825.65","A","Official figure"
"TM","Detailed trade matrix","792","Türkiye","300","Greece","5610","Import Quantity","0141","Soya beans","2019","2019","t","4947.38","A","Official figure"
"TM","Detailed trade matrix","792","Türkiye","300","Greece","5910","Export Quantity","0141","Soya beans","1996","1996","t","18","A","Official figure"
"TM","Detailed trade matrix","792","Türkiye","300","Greece","5910","Export Quantity","0141","Soya beans","2013","2013","t","0","A","Official figure"
"TM","Detailed trade matrix","792","Türkiye","300","Greece","5910","Export Quantity","0141","Soya beans","2014","2014","t","0.3","A","Official figure"
"TM","Detailed trade matrix","792","Türkiye","300","Greece","5910","Export Quantity","0141","Soya beans","2019","2019","t","12564.8","A","Official figure"
"TM","Detailed trade matrix","792","Türkiye","348","Hungary","5610","Import Quantity","0141","Soya beans","1998","1998","t","0","A","Official figure"
"TM","Detailed trade matrix","792","Türkiye","348","Hungary","5610","Import Quantity","0141","Soya beans","2011","2011","t","0","A","Official figure"
"TM","Detailed trade matrix","792","Türkiye","348","Hungary","5610","Import Quantity","0141","Soya beans","2022","2022","t","379.66","A","Official figure"
"TM","Detailed trade matrix","792","Türkiye","356","India","5610","Import Quantity","0141","Soya beans","2019","2019","t","1.5","A","Official figure"
"TM","Detailed trade matrix","792","Türkiye","356","India","5610","Import Quantity","0141","Soya beans","2020","2020","t","2.6","A","Official figure"
"TM","Detailed trade matrix","792","Türkiye","356","India","5610","Import Quantity","0141","Soya beans","2021","2021","t","7.68","A","Official figure"
"TM","Detailed trade matrix","792","Türkiye","356","India","5610","Import Quantity","0141","Soya beans","2022","2022","t","6935.64","A","Official figure"
"TM","Detailed trade matrix","792","Türkiye","356","India","5910","Export Quantity","0141","Soya beans","2021","2021","t","0","A","Official figure"
"TM","Detailed trade matrix","792","Türkiye","356","India","5910","Export Quantity","0141","Soya beans","2022","2022","t","0.01","A","Official figure"
"TM","Detailed trade matrix","792","Türkiye","364","Iran (Islamic Republic of)","5610","Import Quantity","0141","Soya beans","1997","1997","t","54","A","Official figure"
"TM","Detailed trade matrix","792","Türkiye","364","Iran (Islamic Republic of)","5610","Import Quantity","0141","Soya beans","2015","2015","t","5","A","Official figure"
"TM","Detailed trade matrix","792","Türkiye","364","Iran (Islamic Republic of)","5610","Import Quantity","0141","Soya beans","2021","2021","t","1.6","A","Official figure"
"TM","Detailed trade matrix","792","Türkiye","364","Iran (Islamic Republic of)","5910","Export Quantity","0141","Soya beans","2014","2014","t","24","A","Official figure"
"TM","Detailed trade matrix","792","Türkiye","364","Iran (Islamic Republic of)","5910","Export Quantity","0141","Soya beans","2017","2017","t","0.27","A","Official figure"
"TM","Detailed trade matrix","792","Türkiye","364","Iran (Islamic Republic of)","5910","Export Quantity","0141","Soya beans","2020","2020","t","1.6","A","Official figure"
"TM","Detailed trade matrix","792","Türkiye","364","Iran (Islamic Republic of)","5910","Export Quantity","0141","Soya beans","2021","2021","t","42.3","A","Official figure"
"TM","Detailed trade matrix","792","Türkiye","368","Iraq","5610","Import Quantity","0141","Soya beans","2009","2009","t","26","A","Official figure"
"TM","Detailed trade matrix","792","Türkiye","368","Iraq","5610","Import Quantity","0141","Soya beans","2018","2018","t","3.06","A","Official figure"
"TM","Detailed trade matrix","792","Türkiye","368","Iraq","5910","Export Quantity","0141","Soya beans","2005","2005","t","1","A","Official figure"
"TM","Detailed trade matrix","792","Türkiye","368","Iraq","5910","Export Quantity","0141","Soya beans","2009","2009","t","26","A","Official figure"
"TM","Detailed trade matrix","792","Türkiye","368","Iraq","5910","Export Quantity","0141","Soya beans","2012","2012","t","16","A","Official figure"
"TM","Detailed trade matrix","792","Türkiye","368","Iraq","5910","Export Quantity","0141","Soya beans","2013","2013","t","345","A","Official figure"
"TM","Detailed trade matrix","792","Türkiye","368","Iraq","5910","Export Quantity","0141","Soya beans","2014","2014","t","111.1","A","Official figure"
"TM","Detailed trade matrix","792","Türkiye","368","Iraq","5910","Export Quantity","0141","Soya beans","2015","2015","t","704.92","A","Official figure"
"TM","Detailed trade matrix","792","Türkiye","368","Iraq","5910","Export Quantity","0141","Soya beans","2016","2016","t","1743.62","A","Official figure"
"TM","Detailed trade matrix","792","Türkiye","368","Iraq","5910","Export Quantity","0141","Soya beans","2017","2017","t","172.5","A","Official figure"
"TM","Detailed trade matrix","792","Türkiye","368","Iraq","5910","Export Quantity","0141","Soya beans","2018","2018","t","3.06","A","Official figure"
"TM","Detailed trade matrix","792","Türkiye","368","Iraq","5910","Export Quantity","0141","Soya beans","2020","2020","t","0","A","Official figure"
"TM","Detailed trade matrix","792","Türkiye","368","Iraq","5910","Export Quantity","0141","Soya beans","2022","2022","t","120.5","A","Official figure"
"TM","Detailed trade matrix","792","Türkiye","372","Ireland","5910","Export Quantity","0141","Soya beans","2022","2022","t","0","A","Official figure"
"TM","Detailed trade matrix","792","Türkiye","380","Italy","5610","Import Quantity","0141","Soya beans","1994","1994","t","2000","A","Official figure"
"TM","Detailed trade matrix","792","Türkiye","380","Italy","5610","Import Quantity","0141","Soya beans","1995","1995","t","1","A","Official figure"
"TM","Detailed trade matrix","792","Türkiye","380","Italy","5610","Import Quantity","0141","Soya beans","1996","1996","t","59","A","Official figure"
"TM","Detailed trade matrix","792","Türkiye","380","Italy","5610","Import Quantity","0141","Soya beans","1997","1997","t","3","A","Official figure"
"TM","Detailed trade matrix","792","Türkiye","380","Italy","5610","Import Quantity","0141","Soya beans","2004","2004","t","5","A","Official figure"
"TM","Detailed trade matrix","792","Türkiye","380","Italy","5610","Import Quantity","0141","Soya beans","2009","2009","t","13114","A","Official figure"
"TM","Detailed trade matrix","792","Türkiye","380","Italy","5610","Import Quantity","0141","Soya beans","2010","2010","t","1222","A","Official figure"
"TM","Detailed trade matrix","792","Türkiye","380","Italy","5610","Import Quantity","0141","Soya beans","2015","2015","t","3283.68","A","Official figure"
"TM","Detailed trade matrix","792","Türkiye","380","Italy","5610","Import Quantity","0141","Soya beans","2019","2019","t","0.03","A","Official figure"
"TM","Detailed trade matrix","792","Türkiye","380","Italy","5910","Export Quantity","0141","Soya beans","2004","2004","t","189","A","Official figure"
"TM","Detailed trade matrix","792","Türkiye","380","Italy","5910","Export Quantity","0141","Soya beans","2020","2020","t","0.02","A","Official figure"
"TM","Detailed trade matrix","792","Türkiye","380","Italy","5910","Export Quantity","0141","Soya beans","2022","2022","t","0.02","A","Official figure"
"TM","Detailed trade matrix","792","Türkiye","392","Japan","5610","Import Quantity","0141","Soya beans","1996","1996","t","1","A","Official figure"
"TM","Detailed trade matrix","792","Türkiye","392","Japan","5610","Import Quantity","0141","Soya beans","1997","1997","t","0","A","Official figure"
"TM","Detailed trade matrix","792","Türkiye","392","Japan","5610","Import Quantity","0141","Soya beans","1998","1998","t","0","A","Official figure"
"TM","Detailed trade matrix","792","Türkiye","392","Japan","5610","Import Quantity","0141","Soya beans","1999","1999","t","1","A","Official figure"
"TM","Detailed trade matrix","792","Türkiye","392","Japan","5610","Import Quantity","0141","Soya beans","2000","2000","t","1","A","Official figure"
"TM","Detailed trade matrix","792","Türkiye","400","Jordan","5610","Import Quantity","0141","Soya beans","2019","2019","t","0.01","A","Official figure"
"TM","Detailed trade matrix","792","Türkiye","400","Jordan","5910","Export Quantity","0141","Soya beans","1991","1991","t","1","A","Official figure"
"TM","Detailed trade matrix","792","Türkiye","398","Kazakhstan","5610","Import Quantity","0141","Soya beans","2017","2017","t","6781.05","A","Official figure"
"TM","Detailed trade matrix","792","Türkiye","398","Kazakhstan","5610","Import Quantity","0141","Soya beans","2018","2018","t","36896.09","A","Official figure"
"TM","Detailed trade matrix","792","Türkiye","398","Kazakhstan","5910","Export Quantity","0141","Soya beans","2016","2016","t","0.8","A","Official figure"
"TM","Detailed trade matrix","792","Türkiye","398","Kazakhstan","5910","Export Quantity","0141","Soya beans","2017","2017","t","1","A","Official figure"
"TM","Detailed trade matrix","792","Türkiye","414","Kuwait","5910","Export Quantity","0141","Soya beans","1988","1988","t","3","A","Official figure"
"TM","Detailed trade matrix","792","Türkiye","414","Kuwait","5910","Export Quantity","0141","Soya beans","2004","2004","t","0","A","Official figure"
"TM","Detailed trade matrix","792","Türkiye","414","Kuwait","5910","Export Quantity","0141","Soya beans","2021","2021","t","0.01","A","Official figure"
"TM","Detailed trade matrix","792","Türkiye","417","Kyrgyzstan","5910","Export Quantity","0141","Soya beans","2005","2005","t","3","A","Official figure"
"TM","Detailed trade matrix","792","Türkiye","417","Kyrgyzstan","5910","Export Quantity","0141","Soya beans","2018","2018","t","1.47","A","Official figure"
"TM","Detailed trade matrix","792","Türkiye","422","Lebanon","5910","Export Quantity","0141","Soya beans","2022","2022","t","23","A","Official figure"
"TM","Detailed trade matrix","792","Türkiye","430","Liberia","5910","Export Quantity","0141","Soya beans","2020","2020","t","0.3","A","Official figure"
"TM","Detailed trade matrix","792","Türkiye","430","Liberia","5910","Export Quantity","0141","Soya beans","2021","2021","t","0.3","A","Official figure"
"TM","Detailed trade matrix","792","Türkiye","430","Liberia","5910","Export Quantity","0141","Soya beans","2022","2022","t","0.38","A","Official figure"
"TM","Detailed trade matrix","792","Türkiye","434","Libya","5910","Export Quantity","0141","Soya beans","1991","1991","t","2","A","Official figure"
"TM","Detailed trade matrix","792","Türkiye","434","Libya","5910","Export Quantity","0141","Soya beans","1996","1996","t","0","A","Official figure"
"TM","Detailed trade matrix","792","Türkiye","434","Libya","5910","Export Quantity","0141","Soya beans","2020","2020","t","1.17","A","Official figure"
"TM","Detailed trade matrix","792","Türkiye","434","Libya","5910","Export Quantity","0141","Soya beans","2022","2022","t","0.02","A","Official figure"
"TM","Detailed trade matrix","792","Türkiye","454","Malawi","5610","Import Quantity","0141","Soya beans","2010","2010","t","495","A","Official figure"
"TM","Detailed trade matrix","792","Türkiye","458","Malaysia","5910","Export Quantity","0141","Soya beans","2022","2022","t","0.02","A","Official figure"
"TM","Detailed trade matrix","792","Türkiye","470","Malta","5910","Export Quantity","0141","Soya beans","2020","2020","t","0.17","A","Official figure"
"TM","Detailed trade matrix","792","Türkiye","470","Malta","5910","Export Quantity","0141","Soya beans","2021","2021","t","0.31","A","Official figure"
"TM","Detailed trade matrix","792","Türkiye","470","Malta","5910","Export Quantity","0141","Soya beans","2022","2022","t","0.22","A","Official figure"
"TM","Detailed trade matrix","792","Türkiye","584","Marshall Islands","5910","Export Quantity","0141","Soya beans","2020","2020","t","0.13","A","Official figure"
"TM","Detailed trade matrix","792","Türkiye","584","Marshall Islands","5910","Export Quantity","0141","Soya beans","2021","2021","t","0.3","A","Official figure"
"TM","Detailed trade matrix","792","Türkiye","584","Marshall Islands","5910","Export Quantity","0141","Soya beans","2022","2022","t","0.25","A","Official figure"
"TM","Detailed trade matrix","792","Türkiye","504","Morocco","5910","Export Quantity","0141","Soya beans","2019","2019","t","5.7","A","Official figure"
"TM","Detailed trade matrix","792","Türkiye","504","Morocco","5910","Export Quantity","0141","Soya beans","2022","2022","t","0","A","Official figure"
"TM","Detailed trade matrix","792","Türkiye","508","Mozambique","5910","Export Quantity","0141","Soya beans","2019","2019","t","0.15","A","Official figure"
"TM","Detailed trade matrix","792","Türkiye","104","Myanmar","5610","Import Quantity","0141","Soya beans","2006","2006","t","40","A","Official figure"
"TM","Detailed trade matrix","792","Türkiye","104","Myanmar","5610","Import Quantity","0141","Soya beans","2019","2019","t","0.47","A","Official figure"
"TM","Detailed trade matrix","792","Türkiye","104","Myanmar","5610","Import Quantity","0141","Soya beans","2020","2020","t","1.45","A","Official figure"
"TM","Detailed trade matrix","792","Türkiye","104","Myanmar","5610","Import Quantity","0141","Soya beans","2021","2021","t","3.09","A","Official figure"
"TM","Detailed trade matrix","792","Türkiye","528","Netherlands (Kingdom of the)","5610","Import Quantity","0141","Soya beans","2021","2021","t","157.5","A","Official figure"
"TM","Detailed trade matrix","792","Türkiye","528","Netherlands (Kingdom of the)","5910","Export Quantity","0141","Soya beans","2013","2013","t","2000","A","Official figure"
"TM","Detailed trade matrix","792","Türkiye","528","Netherlands (Kingdom of the)","5910","Export Quantity","0141","Soya beans","2015","2015","t","3824.74","A","Official figure"
"TM","Detailed trade matrix","792","Türkiye","528","Netherlands (Kingdom of the)","5910","Export Quantity","0141","Soya beans","2020","2020","t","0.01","A","Official figure"
"TM","Detailed trade matrix","792","Türkiye","528","Netherlands (Kingdom of the)","5910","Export Quantity","0141","Soya beans","2021","2021","t","110.05","A","Official figure"
"TM","Detailed trade matrix","792","Türkiye","528","Netherlands (Kingdom of the)","5910","Export Quantity","0141","Soya beans","2022","2022","t","0.01","A","Official figure"
"TM","Detailed trade matrix","792","Türkiye","566","Nigeria","5610","Import Quantity","0141","Soya beans","2017","2017","t","3812.28","A","Official figure"
"TM","Detailed trade matrix","792","Türkiye","566","Nigeria","5610","Import Quantity","0141","Soya beans","2020","2020","t","5104.02","A","Official figure"
"TM","Detailed trade matrix","792","Türkiye","566","Nigeria","5610","Import Quantity","0141","Soya beans","2021","2021","t","1671.85","A","Official figure"
"TM","Detailed trade matrix","792","Türkiye","566","Nigeria","5610","Import Quantity","0141","Soya beans","2022","2022","t","1968.09","A","Official figure"
"TM","Detailed trade matrix","792","Türkiye","807","North Macedonia","5910","Export Quantity","0141","Soya beans","1996","1996","t","315","A","Official figure"
"TM","Detailed trade matrix","792","Türkiye","807","North Macedonia","5910","Export Quantity","0141","Soya beans","1998","1998","t","20","A","Official figure"
"TM","Detailed trade matrix","792","Türkiye","807","North Macedonia","5910","Export Quantity","0141","Soya beans","2000","2000","t","1","A","Official figure"
"TM","Detailed trade matrix","792","Türkiye","807","North Macedonia","5910","Export Quantity","0141","Soya beans","2002","2002","t","166","A","Official figure"
"TM","Detailed trade matrix","792","Türkiye","807","North Macedonia","5910","Export Quantity","0141","Soya beans","2004","2004","t","2","A","Official figure"
"TM","Detailed trade matrix","792","Türkiye","807","North Macedonia","5910","Export Quantity","0141","Soya beans","2007","2007","t","1","A","Official figure"
"TM","Detailed trade matrix","792","Türkiye","578","Norway","5910","Export Quantity","0141","Soya beans","2021","2021","t","0.06","A","Official figure"
"TM","Detailed trade matrix","792","Türkiye","578","Norway","5910","Export Quantity","0141","Soya beans","2022","2022","t","0.04","A","Official figure"
"TM","Detailed trade matrix","792","Türkiye","591","Panama","5910","Export Quantity","0141","Soya beans","2020","2020","t","0.17","A","Official figure"
"TM","Detailed trade matrix","792","Türkiye","591","Panama","5910","Export Quantity","0141","Soya beans","2021","2021","t","0.31","A","Official figure"
"TM","Detailed trade matrix","792","Türkiye","591","Panama","5910","Export Quantity","0141","Soya beans","2022","2022","t","0.15","A","Official figure"
"TM","Detailed trade matrix","792","Türkiye","600","Paraguay","5610","Import Quantity","0141","Soya beans","1997","1997","t","7000","A","Official figure"
"TM","Detailed trade matrix","792","Türkiye","600","Paraguay","5610","Import Quantity","0141","Soya beans","2003","2003","t","13848","A","Official figure"
"TM","Detailed trade matrix","792","Türkiye","600","Paraguay","5610","Import Quantity","0141","Soya beans","2004","2004","t","53619","A","Official figure"
"TM","Detailed trade matrix","792","Türkiye","600","Paraguay","5610","Import Quantity","0141","Soya beans","2005","2005","t","66049","A","Official figure"
"TM","Detailed trade matrix","792","Türkiye","600","Paraguay","5610","Import Quantity","0141","Soya beans","2006","2006","t","8789","A","Official figure"
"TM","Detailed trade matrix","792","Türkiye","600","Paraguay","5610","Import Quantity","0141","Soya beans","2008","2008","t","64977","A","Official figure"
"TM","Detailed trade matrix","792","Türkiye","600","Paraguay","5610","Import Quantity","0141","Soya beans","2009","2009","t","149267","A","Official figure"
"TM","Detailed trade matrix","792","Türkiye","600","Paraguay","5610","Import Quantity","0141","Soya beans","2010","2010","t","543416","A","Official figure"
"TM","Detailed trade matrix","792","Türkiye","600","Paraguay","5610","Import Quantity","0141","Soya beans","2011","2011","t","357531","A","Official figure"
"TM","Detailed trade matrix","792","Türkiye","600","Paraguay","5610","Import Quantity","0141","Soya beans","2012","2012","t","254324","A","Official figure"
"TM","Detailed trade matrix","792","Türkiye","600","Paraguay","5610","Import Quantity","0141","Soya beans","2013","2013","t","286122","A","Official figure"
"TM","Detailed trade matrix","792","Türkiye","600","Paraguay","5610","Import Quantity","0141","Soya beans","2014","2014","t","531163.85","A","Official figure"
"TM","Detailed trade matrix","792","Türkiye","600","Paraguay","5610","Import Quantity","0141","Soya beans","2015","2015","t","310393.16","A","Official figure"
"TM","Detailed trade matrix","792","Türkiye","600","Paraguay","5610","Import Quantity","0141","Soya beans","2016","2016","t","597743.61","A","Official figure"
"TM","Detailed trade matrix","792","Türkiye","600","Paraguay","5610","Import Quantity","0141","Soya beans","2017","2017","t","760167.11","A","Official figure"
"TM","Detailed trade matrix","792","Türkiye","600","Paraguay","5610","Import Quantity","0141","Soya beans","2018","2018","t","228301.64","A","Official figure"
"TM","Detailed trade matrix","792","Türkiye","600","Paraguay","5610","Import Quantity","0141","Soya beans","2019","2019","t","64382.1","A","Official figure"
"TM","Detailed trade matrix","792","Türkiye","600","Paraguay","5610","Import Quantity","0141","Soya beans","2021","2021","t","6677.4","A","Official figure"
"TM","Detailed trade matrix","792","Türkiye","616","Poland","5910","Export Quantity","0141","Soya beans","2022","2022","t","0.01","A","Official figure"
"TM","Detailed trade matrix","792","Türkiye","620","Portugal","5910","Export Quantity","0141","Soya beans","2021","2021","t","0.05","A","Official figure"
"TM","Detailed trade matrix","792","Türkiye","620","Portugal","5910","Export Quantity","0141","Soya beans","2022","2022","t","0.06","A","Official figure"
"TM","Detailed trade matrix","792","Türkiye","630","Puerto Rico","5610","Import Quantity","0141","Soya beans","1988","1988","t","3944","A","Official figure"
"TM","Detailed trade matrix","792","Türkiye","630","Puerto Rico","5610","Import Quantity","0141","Soya beans","1989","1989","t","20288","A","Official figure"
"TM","Detailed trade matrix","792","Türkiye","630","Puerto Rico","5610","Import Quantity","0141","Soya beans","1990","1990","t","2374","A","Official figure"
"TM","Detailed trade matrix","792","Türkiye","630","Puerto Rico","5610","Import Quantity","0141","Soya beans","1991","1991","t","1996","A","Official figure"
"TM","Detailed trade matrix","792","Türkiye","630","Puerto Rico","5610","Import Quantity","0141","Soya beans","1992","1992","t","16905","A","Official figure"
"TM","Detailed trade matrix","792","Türkiye","630","Puerto Rico","5610","Import Quantity","0141","Soya beans","1993","1993","t","12314","A","Official figure"
"TM","Detailed trade matrix","792","Türkiye","630","Puerto Rico","5610","Import Quantity","0141","Soya beans","1994","1994","t","55909","A","Official figure"
"TM","Detailed trade matrix","792","Türkiye","630","Puerto Rico","5610","Import Quantity","0141","Soya beans","1995","1995","t","111500","A","Official figure"
"TM","Detailed trade matrix","792","Türkiye","630","Puerto Rico","5610","Import Quantity","0141","Soya beans","1996","1996","t","113608","A","Official figure"
"TM","Detailed trade matrix","792","Türkiye","630","Puerto Rico","5610","Import Quantity","0141","Soya beans","1997","1997","t","172483","A","Official figure"
"TM","Detailed trade matrix","792","Türkiye","630","Puerto Rico","5610","Import Quantity","0141","Soya beans","1998","1998","t","158892","A","Official figure"
"TM","Detailed trade matrix","792","Türkiye","630","Puerto Rico","5610","Import Quantity","0141","Soya beans","1999","1999","t","258254","A","Official figure"
"TM","Detailed trade matrix","792","Türkiye","634","Qatar","5910","Export Quantity","0141","Soya beans","2020","2020","t","0.39","A","Official figure"
"TM","Detailed trade matrix","792","Türkiye","634","Qatar","5910","Export Quantity","0141","Soya beans","2021","2021","t","0.03","A","Official figure"
"TM","Detailed trade matrix","792","Türkiye","498","Republic of Moldova","5610","Import Quantity","0141","Soya beans","2000","2000","t","8","A","Official figure"
"TM","Detailed trade matrix","792","Türkiye","498","Republic of Moldova","5610","Import Quantity","0141","Soya beans","2010","2010","t","2628","A","Official figure"
"TM","Detailed trade matrix","792","Türkiye","498","Republic of Moldova","5610","Import Quantity","0141","Soya beans","2011","2011","t","16427","A","Official figure"
"TM","Detailed trade matrix","792","Türkiye","498","Republic of Moldova","5610","Import Quantity","0141","Soya beans","2012","2012","t","5860","A","Official figure"
"TM","Detailed trade matrix","792","Türkiye","498","Republic of Moldova","5610","Import Quantity","0141","Soya beans","2013","2013","t","0","A","Official figure"
"TM","Detailed trade matrix","792","Türkiye","498","Republic of Moldova","5610","Import Quantity","0141","Soya beans","2015","2015","t","34618.33","A","Official figure"
"TM","Detailed trade matrix","792","Türkiye","498","Republic of Moldova","5610","Import Quantity","0141","Soya beans","2016","2016","t","8590.34","A","Official figure"
"TM","Detailed trade matrix","792","Türkiye","498","Republic of Moldova","5610","Import Quantity","0141","Soya beans","2017","2017","t","1247.16","A","Official figure"
"TM","Detailed trade matrix","792","Türkiye","498","Republic of Moldova","5610","Import Quantity","0141","Soya beans","2019","2019","t","9024.17","A","Official figure"
"TM","Detailed trade matrix","792","Türkiye","498","Republic of Moldova","5610","Import Quantity","0141","Soya beans","2020","2020","t","22687.52","A","Official figure"
"TM","Detailed trade matrix","792","Türkiye","498","Republic of Moldova","5610","Import Quantity","0141","Soya beans","2022","2022","t","1.34","A","Official figure"
"TM","Detailed trade matrix","792","Türkiye","642","Romania","5610","Import Quantity","0141","Soya beans","1998","1998","t","23839","A","Official figure"
"TM","Detailed trade matrix","792","Türkiye","642","Romania","5610","Import Quantity","0141","Soya beans","1999","1999","t","31789","A","Official figure"
"TM","Detailed trade matrix","792","Türkiye","642","Romania","5610","Import Quantity","0141","Soya beans","2000","2000","t","11561","A","Official figure"
"TM","Detailed trade matrix","792","Türkiye","642","Romania","5610","Import Quantity","0141","Soya beans","2001","2001","t","5461","A","Official figure"
"TM","Detailed trade matrix","792","Türkiye","642","Romania","5610","Import Quantity","0141","Soya beans","2003","2003","t","12064","A","Official figure"
"TM","Detailed trade matrix","792","Türkiye","642","Romania","5610","Import Quantity","0141","Soya beans","2004","2004","t","7808","A","Official figure"
"TM","Detailed trade matrix","792","Türkiye","642","Romania","5610","Import Quantity","0141","Soya beans","2005","2005","t","29995","A","Official figure"
"TM","Detailed trade matrix","792","Türkiye","642","Romania","5610","Import Quantity","0141","Soya beans","2006","2006","t","36020","A","Official figure"
"TM","Detailed trade matrix","792","Türkiye","642","Romania","5610","Import Quantity","0141","Soya beans","2007","2007","t","14695","A","Official figure"
"TM","Detailed trade matrix","792","Türkiye","642","Romania","5610","Import Quantity","0141","Soya beans","2011","2011","t","5682","A","Official figure"
"TM","Detailed trade matrix","792","Türkiye","642","Romania","5610","Import Quantity","0141","Soya beans","2015","2015","t","31737.65","A","Official figure"
"TM","Detailed trade matrix","792","Türkiye","642","Romania","5610","Import Quantity","0141","Soya beans","2016","2016","t","19337.53","A","Official figure"
"TM","Detailed trade matrix","792","Türkiye","642","Romania","5610","Import Quantity","0141","Soya beans","2017","2017","t","4950.76","A","Official figure"
"TM","Detailed trade matrix","792","Türkiye","642","Romania","5610","Import Quantity","0141","Soya beans","2018","2018","t","4955.18","A","Official figure"
"TM","Detailed trade matrix","792","Türkiye","642","Romania","5610","Import Quantity","0141","Soya beans","2019","2019","t","69925.29","A","Official figure"
"TM","Detailed trade matrix","792","Türkiye","642","Romania","5610","Import Quantity","0141","Soya beans","2020","2020","t","19749.72","A","Official figure"
"TM","Detailed trade matrix","792","Türkiye","642","Romania","5610","Import Quantity","0141","Soya beans","2021","2021","t","4940.03","A","Official figure"
"TM","Detailed trade matrix","792","Türkiye","642","Romania","5610","Import Quantity","0141","Soya beans","2022","2022","t","11914.89","A","Official figure"
"TM","Detailed trade matrix","792","Türkiye","642","Romania","5910","Export Quantity","0141","Soya beans","1998","1998","t","1","A","Official figure"
"TM","Detailed trade matrix","792","Türkiye","642","Romania","5910","Export Quantity","0141","Soya beans","2004","2004","t","1325","A","Official figure"
"TM","Detailed trade matrix","792","Türkiye","642","Romania","5910","Export Quantity","0141","Soya beans","2015","2015","t","0.08","A","Official figure"
"TM","Detailed trade matrix","792","Türkiye","643","Russian Federation","5610","Import Quantity","0141","Soya beans","2012","2012","t","1600","A","Official figure"
"TM","Detailed trade matrix","792","Türkiye","643","Russian Federation","5610","Import Quantity","0141","Soya beans","2015","2015","t","5500","A","Official figure"
"TM","Detailed trade matrix","792","Türkiye","643","Russian Federation","5610","Import Quantity","0141","Soya beans","2016","2016","t","3988.96","A","Official figure"
"TM","Detailed trade matrix","792","Türkiye","643","Russian Federation","5610","Import Quantity","0141","Soya beans","2017","2017","t","2856.48","A","Official figure"
"TM","Detailed trade matrix","792","Türkiye","643","Russian Federation","5610","Import Quantity","0141","Soya beans","2018","2018","t","4150.5","A","Official figure"
"TM","Detailed trade matrix","792","Türkiye","643","Russian Federation","5610","Import Quantity","0141","Soya beans","2019","2019","t","42486.38","A","Official figure"
"TM","Detailed trade matrix","792","Türkiye","643","Russian Federation","5610","Import Quantity","0141","Soya beans","2020","2020","t","66078.46","A","Official figure"
"TM","Detailed trade matrix","792","Türkiye","643","Russian Federation","5610","Import Quantity","0141","Soya beans","2021","2021","t","6943.02","A","Official figure"
"TM","Detailed trade matrix","792","Türkiye","643","Russian Federation","5610","Import Quantity","0141","Soya beans","2022","2022","t","5246.6","A","Official figure"
"TM","Detailed trade matrix","792","Türkiye","682","Saudi Arabia","5910","Export Quantity","0141","Soya beans","2019","2019","t","40.8","A","Official figure"
"TM","Detailed trade matrix","792","Türkiye","682","Saudi Arabia","5910","Export Quantity","0141","Soya beans","2020","2020","t","0.02","A","Official figure"
"TM","Detailed trade matrix","792","Türkiye","688","Serbia","5610","Import Quantity","0141","Soya beans","2015","2015","t","7464.14","A","Official figure"
"TM","Detailed trade matrix","792","Türkiye","688","Serbia","5610","Import Quantity","0141","Soya beans","2017","2017","t","0.02","A","Official figure"
"TM","Detailed trade matrix","792","Türkiye","688","Serbia","5610","Import Quantity","0141","Soya beans","2018","2018","t","2876.31","A","Official figure"
"TM","Detailed trade matrix","792","Türkiye","688","Serbia","5610","Import Quantity","0141","Soya beans","2019","2019","t","851.82","A","Official figure"
"TM","Detailed trade matrix","792","Türkiye","688","Serbia","5610","Import Quantity","0141","Soya beans","2021","2021","t","0.04","A","Official figure"
"TM","Detailed trade matrix","792","Türkiye","702","Singapore","5910","Export Quantity","0141","Soya beans","2020","2020","t","0.12","A","Official figure"
"TM","Detailed trade matrix","792","Türkiye","702","Singapore","5910","Export Quantity","0141","Soya beans","2021","2021","t","0.07","A","Official figure"
"TM","Detailed trade matrix","792","Türkiye","702","Singapore","5910","Export Quantity","0141","Soya beans","2022","2022","t","0.06","A","Official figure"
"TM","Detailed trade matrix","792","Türkiye","705","Slovenia","5910","Export Quantity","0141","Soya beans","1996","1996","t","46","A","Official figure"
"TM","Detailed trade matrix","792","Türkiye","705","Slovenia","5910","Export Quantity","0141","Soya beans","1997","1997","t","0","A","Official figure"
"TM","Detailed trade matrix","792","Türkiye","705","Slovenia","5910","Export Quantity","0141","Soya beans","2012","2012","t","9883","A","Official figure"
"TM","Detailed trade matrix","792","Türkiye","705","Slovenia","5910","Export Quantity","0141","Soya beans","2013","2013","t","1693","A","Official figure"
"TM","Detailed trade matrix","792","Türkiye","705","Slovenia","5910","Export Quantity","0141","Soya beans","2014","2014","t","1582.55","A","Official figure"
"TM","Detailed trade matrix","792","Türkiye","705","Slovenia","5910","Export Quantity","0141","Soya beans","2015","2015","t","1030.31","A","Official figure"
"TM","Detailed trade matrix","792","Türkiye","710","South Africa","5610","Import Quantity","0141","Soya beans","2018","2018","t","27380.2","A","Official figure"
"TM","Detailed trade matrix","792","Türkiye","724","Spain","5910","Export Quantity","0141","Soya beans","1997","1997","t","78","A","Official figure"
"TM","Detailed trade matrix","792","Türkiye","724","Spain","5910","Export Quantity","0141","Soya beans","1998","1998","t","152","A","Official figure"
"TM","Detailed trade matrix","792","Türkiye","724","Spain","5910","Export Quantity","0141","Soya beans","1999","1999","t","80","A","Official figure"
"TM","Detailed trade matrix","792","Türkiye","724","Spain","5910","Export Quantity","0141","Soya beans","2015","2015","t","1061.26","A","Official figure"
"TM","Detailed trade matrix","792","Türkiye","724","Spain","5910","Export Quantity","0141","Soya beans","2021","2021","t","8682.86","A","Official figure"
"TM","Detailed trade matrix","792","Türkiye","724","Spain","5910","Export Quantity","0141","Soya beans","2022","2022","t","0.03","A","Official figure"
"TM","Detailed trade matrix","792","Türkiye","729","Sudan","5910","Export Quantity","0141","Soya beans","2015","2015","t","1.44","A","Official figure"
"TM","Detailed trade matrix","792","Türkiye","752","Sweden","5910","Export Quantity","0141","Soya beans","2021","2021","t","0.01","A","Official figure"
"TM","Detailed trade matrix","792","Türkiye","752","Sweden","5910","Export Quantity","0141","Soya beans","2022","2022","t","0.29","A","Official figure"
"TM","Detailed trade matrix","792","Türkiye","756","Switzerland","5610","Import Quantity","0141","Soya beans","2001","2001","t","6500","A","Official figure"
"TM","Detailed trade matrix","792","Türkiye","756","Switzerland","5610","Import Quantity","0141","Soya beans","2010","2010","t","0","A","Official figure"
"TM","Detailed trade matrix","792","Türkiye","756","Switzerland","5610","Import Quantity","0141","Soya beans","2021","2021","t","0.04","A","Official figure"
"TM","Detailed trade matrix","792","Türkiye","756","Switzerland","5910","Export Quantity","0141","Soya beans","1994","1994","t","5","A","Official figure"
"TM","Detailed trade matrix","792","Türkiye","756","Switzerland","5910","Export Quantity","0141","Soya beans","2000","2000","t","0","A","Official figure"
"TM","Detailed trade matrix","792","Türkiye","756","Switzerland","5910","Export Quantity","0141","Soya beans","2021","2021","t","0","A","Official figure"
"TM","Detailed trade matrix","792","Türkiye","756","Switzerland","5910","Export Quantity","0141","Soya beans","2022","2022","t","0.01","A","Official figure"
"TM","Detailed trade matrix","792","Türkiye","760","Syrian Arab Republic","5910","Export Quantity","0141","Soya beans","2014","2014","t","200","A","Official figure"
"TM","Detailed trade matrix","792","Türkiye","760","Syrian Arab Republic","5910","Export Quantity","0141","Soya beans","2015","2015","t","677.72","A","Official figure"
"TM","Detailed trade matrix","792","Türkiye","760","Syrian Arab Republic","5910","Export Quantity","0141","Soya beans","2016","2016","t","1000","A","Official figure"
"TM","Detailed trade matrix","792","Türkiye","760","Syrian Arab Republic","5910","Export Quantity","0141","Soya beans","2017","2017","t","3379.02","A","Official figure"
"TM","Detailed trade matrix","792","Türkiye","760","Syrian Arab Republic","5910","Export Quantity","0141","Soya beans","2018","2018","t","2235.98","A","Official figure"
"TM","Detailed trade matrix","792","Türkiye","760","Syrian Arab Republic","5910","Export Quantity","0141","Soya beans","2019","2019","t","4096.74","A","Official figure"
"TM","Detailed trade matrix","792","Türkiye","760","Syrian Arab Republic","5910","Export Quantity","0141","Soya beans","2020","2020","t","1536.2","A","Official figure"
"TM","Detailed trade matrix","792","Türkiye","760","Syrian Arab Republic","5910","Export Quantity","0141","Soya beans","2021","2021","t","3480","A","Official figure"
"TM","Detailed trade matrix","792","Türkiye","760","Syrian Arab Republic","5910","Export Quantity","0141","Soya beans","2022","2022","t","1024.21","A","Official figure"
"TM","Detailed trade matrix","792","Türkiye","762","Tajikistan","5910","Export Quantity","0141","Soya beans","2015","2015","t","0.5","A","Official figure"
"TM","Detailed trade matrix","792","Türkiye","762","Tajikistan","5910","Export Quantity","0141","Soya beans","2016","2016","t","2","A","Official figure"
"TM","Detailed trade matrix","792","Türkiye","762","Tajikistan","5910","Export Quantity","0141","Soya beans","2018","2018","t","0.2","A","Official figure"
"TM","Detailed trade matrix","792","Türkiye","768","Togo","5610","Import Quantity","0141","Soya beans","2018","2018","t","4816.08","A","Official figure"
"TM","Detailed trade matrix","792","Türkiye","768","Togo","5610","Import Quantity","0141","Soya beans","2019","2019","t","4864.88","A","Official figure"
"TM","Detailed trade matrix","792","Türkiye","768","Togo","5610","Import Quantity","0141","Soya beans","2020","2020","t","10989.4","A","Official figure"
"TM","Detailed trade matrix","792","Türkiye","768","Togo","5610","Import Quantity","0141","Soya beans","2021","2021","t","10625","A","Official figure"
"TM","Detailed trade matrix","792","Türkiye","795","Turkmenistan","5910","Export Quantity","0141","Soya beans","1999","1999","t","5","A","Official figure"
"TM","Detailed trade matrix","792","Türkiye","795","Turkmenistan","5910","Export Quantity","0141","Soya beans","2016","2016","t","1.5","A","Official figure"
"TM","Detailed trade matrix","792","Türkiye","795","Turkmenistan","5910","Export Quantity","0141","Soya beans","2017","2017","t","24","A","Official figure"
"TM","Detailed trade matrix","792","Türkiye","795","Turkmenistan","5910","Export Quantity","0141","Soya beans","2018","2018","t","72","A","Official figure"
"TM","Detailed trade matrix","792","Türkiye","795","Turkmenistan","5910","Export Quantity","0141","Soya beans","2019","2019","t","88","A","Official figure"
"TM","Detailed trade matrix","792","Türkiye","795","Turkmenistan","5910","Export Quantity","0141","Soya beans","2020","2020","t","30","A","Official figure"
"TM","Detailed trade matrix","792","Türkiye","795","Turkmenistan","5910","Export Quantity","0141","Soya beans","2022","2022","t","880.36","A","Official figure"
"TM","Detailed trade matrix","792","Türkiye","804","Ukraine","5610","Import Quantity","0141","Soya beans","1993","1993","t","96","A","Official figure"
"TM","Detailed trade matrix","792","Türkiye","804","Ukraine","5610","Import Quantity","0141","Soya beans","1998","1998","t","402","A","Official figure"
"TM","Detailed trade matrix","792","Türkiye","804","Ukraine","5610","Import Quantity","0141","Soya beans","1999","1999","t","2899","A","Official figure"
"TM","Detailed trade matrix","792","Türkiye","804","Ukraine","5610","Import Quantity","0141","Soya beans","2000","2000","t","2653","A","Official figure"
"TM","Detailed trade matrix","792","Türkiye","804","Ukraine","5610","Import Quantity","0141","Soya beans","2001","2001","t","851","A","Official figure"
"TM","Detailed trade matrix","792","Türkiye","804","Ukraine","5610","Import Quantity","0141","Soya beans","2002","2002","t","5","A","Official figure"
"TM","Detailed trade matrix","792","Türkiye","804","Ukraine","5610","Import Quantity","0141","Soya beans","2003","2003","t","7610","A","Official figure"
"TM","Detailed trade matrix","792","Türkiye","804","Ukraine","5610","Import Quantity","0141","Soya beans","2004","2004","t","33430","A","Official figure"
"TM","Detailed trade matrix","792","Türkiye","804","Ukraine","5610","Import Quantity","0141","Soya beans","2005","2005","t","73969","A","Official figure"
"TM","Detailed trade matrix","792","Türkiye","804","Ukraine","5610","Import Quantity","0141","Soya beans","2006","2006","t","131976","A","Official figure"
"TM","Detailed trade matrix","792","Türkiye","804","Ukraine","5610","Import Quantity","0141","Soya beans","2007","2007","t","141821","A","Official figure"
"TM","Detailed trade matrix","792","Türkiye","804","Ukraine","5610","Import Quantity","0141","Soya beans","2008","2008","t","49150","A","Official figure"
"TM","Detailed trade matrix","792","Türkiye","804","Ukraine","5610","Import Quantity","0141","Soya beans","2009","2009","t","45262","A","Official figure"
"TM","Detailed trade matrix","792","Türkiye","804","Ukraine","5610","Import Quantity","0141","Soya beans","2010","2010","t","60583","A","Official figure"
"TM","Detailed trade matrix","792","Türkiye","804","Ukraine","5610","Import Quantity","0141","Soya beans","2011","2011","t","158260","A","Official figure"
"TM","Detailed trade matrix","792","Türkiye","804","Ukraine","5610","Import Quantity","0141","Soya beans","2012","2012","t","128626","A","Official figure"
"TM","Detailed trade matrix","792","Türkiye","804","Ukraine","5610","Import Quantity","0141","Soya beans","2013","2013","t","138583","A","Official figure"
"TM","Detailed trade matrix","792","Türkiye","804","Ukraine","5610","Import Quantity","0141","Soya beans","2014","2014","t","375695.34","A","Official figure"
"TM","Detailed trade matrix","792","Türkiye","804","Ukraine","5610","Import Quantity","0141","Soya beans","2015","2015","t","932703.99","A","Official figure"
"TM","Detailed trade matrix","792","Türkiye","804","Ukraine","5610","Import Quantity","0141","Soya beans","2016","2016","t","682848.53","A","Official figure"
"TM","Detailed trade matrix","792","Türkiye","804","Ukraine","5610","Import Quantity","0141","Soya beans","2017","2017","t","669736.16","A","Official figure"
"TM","Detailed trade matrix","792","Türkiye","804","Ukraine","5610","Import Quantity","0141","Soya beans","2018","2018","t","747618.06","A","Official figure"
"TM","Detailed trade matrix","792","Türkiye","804","Ukraine","5610","Import Quantity","0141","Soya beans","2019","2019","t","1218972.7","A","Official figure"
"TM","Detailed trade matrix","792","Türkiye","804","Ukraine","5610","Import Quantity","0141","Soya beans","2020","2020","t","614502.66","A","Official figure"
"TM","Detailed trade matrix","792","Türkiye","804","Ukraine","5610","Import Quantity","0141","Soya beans","2021","2021","t","311197.85","A","Official figure"
"TM","Detailed trade matrix","792","Türkiye","804","Ukraine","5610","Import Quantity","0141","Soya beans","2022","2022","t","699864.89","A","Official figure"
"TM","Detailed trade matrix","792","Türkiye","804","Ukraine","5910","Export Quantity","0141","Soya beans","2020","2020","t","4677.68","A","Official figure"
"TM","Detailed trade matrix","792","Türkiye","784","United Arab Emirates","5610","Import Quantity","0141","Soya beans","2000","2000","t","20","A","Official figure"
"TM","Detailed trade matrix","792","Türkiye","784","United Arab Emirates","5610","Import Quantity","0141","Soya beans","2021","2021","t","0.01","A","Official figure"
"TM","Detailed trade matrix","792","Türkiye","826","United Kingdom of Great Britain and Northern Ireland","5610","Import Quantity","0141","Soya beans","1996","1996","t","0","A","Official figure"
"TM","Detailed trade matrix","792","Türkiye","826","United Kingdom of Great Britain and Northern Ireland","5610","Import Quantity","0141","Soya beans","2000","2000","t","0","A","Official figure"
"TM","Detailed trade matrix","792","Türkiye","826","United Kingdom of Great Britain and Northern Ireland","5610","Import Quantity","0141","Soya beans","2006","2006","t","0","A","Official figure"
"TM","Detailed trade matrix","792","Türkiye","826","United Kingdom of Great Britain and Northern Ireland","5610","Import Quantity","0141","Soya beans","2010","2010","t","0","A","Official figure"
"TM","Detailed trade matrix","792","Türkiye","826","United Kingdom of Great Britain and Northern Ireland","5910","Export Quantity","0141","Soya beans","2020","2020","t","0.04","A","Official figure"
"TM","Detailed trade matrix","792","Türkiye","826","United Kingdom of Great Britain and Northern Ireland","5910","Export Quantity","0141","Soya beans","2021","2021","t","0.09","A","Official figure"
"TM","Detailed trade matrix","792","Türkiye","834","United Republic of Tanzania","5910","Export Quantity","0141","Soya beans","2020","2020","t","0.02","A","Official figure"
"TM","Detailed trade matrix","792","Türkiye","840","United States of America","5610","Import Quantity","0141","Soya beans","1986","1986","t","5765","A","Official figure"
"TM","Detailed trade matrix","792","Türkiye","840","United States of America","5610","Import Quantity","0141","Soya beans","1987","1987","t","3377","A","Official figure"
"TM","Detailed trade matrix","792","Türkiye","840","United States of America","5610","Import Quantity","0141","Soya beans","2000","2000","t","301327","A","Official figure"
"TM","Detailed trade matrix","792","Türkiye","840","United States of America","5610","Import Quantity","0141","Soya beans","2001","2001","t","301353","A","Official figure"
"TM","Detailed trade matrix","792","Türkiye","840","United States of America","5610","Import Quantity","0141","Soya beans","2002","2002","t","541248","A","Official figure"
"TM","Detailed trade matrix","792","Türkiye","840","United States of America","5610","Import Quantity","0141","Soya beans","2003","2003","t","382824","A","Official figure"
"TM","Detailed trade matrix","792","Türkiye","840","United States of America","5610","Import Quantity","0141","Soya beans","2004","2004","t","317625","A","Official figure"
"TM","Detailed trade matrix","792","Türkiye","840","United States of America","5610","Import Quantity","0141","Soya beans","2005","2005","t","555617","A","Official figure"
"TM","Detailed trade matrix","792","Türkiye","840","United States of America","5610","Import Quantity","0141","Soya beans","2006","2006","t","637161","A","Official figure"
"TM","Detailed trade matrix","792","Türkiye","840","United States of America","5610","Import Quantity","0141","Soya beans","2007","2007","t","456282","A","Official figure"
"TM","Detailed trade matrix","792","Türkiye","840","United States of America","5610","Import Quantity","0141","Soya beans","2008","2008","t","456202","A","Official figure"
"TM","Detailed trade matrix","792","Türkiye","840","United States of America","5610","Import Quantity","0141","Soya beans","2009","2009","t","659850","A","Official figure"
"TM","Detailed trade matrix","792","Türkiye","840","United States of America","5610","Import Quantity","0141","Soya beans","2010","2010","t","791742","A","Official figure"
"TM","Detailed trade matrix","792","Türkiye","840","United States of America","5610","Import Quantity","0141","Soya beans","2011","2011","t","305343","A","Official figure"
"TM","Detailed trade matrix","792","Türkiye","840","United States of America","5610","Import Quantity","0141","Soya beans","2012","2012","t","663127","A","Official figure"
"TM","Detailed trade matrix","792","Türkiye","840","United States of America","5610","Import Quantity","0141","Soya beans","2013","2013","t","346086","A","Official figure"
"TM","Detailed trade matrix","792","Türkiye","840","United States of America","5610","Import Quantity","0141","Soya beans","2014","2014","t","492373.57","A","Official figure"
"TM","Detailed trade matrix","792","Türkiye","840","United States of America","5610","Import Quantity","0141","Soya beans","2015","2015","t","739380.69","A","Official figure"
"TM","Detailed trade matrix","792","Türkiye","840","United States of America","5610","Import Quantity","0141","Soya beans","2016","2016","t","440667.7","A","Official figure"
"TM","Detailed trade matrix","792","Türkiye","840","United States of America","5610","Import Quantity","0141","Soya beans","2017","2017","t","415449.7","A","Official figure"
"TM","Detailed trade matrix","792","Türkiye","840","United States of America","5610","Import Quantity","0141","Soya beans","2018","2018","t","242095.19","A","Official figure"
"TM","Detailed trade matrix","792","Türkiye","840","United States of America","5610","Import Quantity","0141","Soya beans","2020","2020","t","0.04","A","Official figure"
"TM","Detailed trade matrix","792","Türkiye","840","United States of America","5610","Import Quantity","0141","Soya beans","2021","2021","t","225834.86","A","Official figure"
"TM","Detailed trade matrix","792","Türkiye","840","United States of America","5610","Import Quantity","0141","Soya beans","2022","2022","t","229817.04","A","Official figure"
"TM","Detailed trade matrix","792","Türkiye","840","United States of America","5910","Export Quantity","0141","Soya beans","2012","2012","t","992","A","Official figure"
"TM","Detailed trade matrix","792","Türkiye","840","United States of America","5910","Export Quantity","0141","Soya beans","2013","2013","t","4828","A","Official figure"
"TM","Detailed trade matrix","792","Türkiye","840","United States of America","5910","Export Quantity","0141","Soya beans","2015","2015","t","1525.77","A","Official figure"
"TM","Detailed trade matrix","792","Türkiye","840","United States of America","5910","Export Quantity","0141","Soya beans","2016","2016","t","163831.62","A","Official figure"
"TM","Detailed trade matrix","792","Türkiye","840","United States of America","5910","Export Quantity","0141","Soya beans","2017","2017","t","75131.4","A","Official figure"
"TM","Detailed trade matrix","792","Türkiye","840","United States of America","5910","Export Quantity","0141","Soya beans","2018","2018","t","17572","A","Official figure"
"TM","Detailed trade matrix","792","Türkiye","840","United States of America","5910","Export Quantity","0141","Soya beans","2019","2019","t","74861.31","A","Official figure"
"TM","Detailed trade matrix","792","Türkiye","840","United States of America","5910","Export Quantity","0141","Soya beans","2020","2020","t","65026.3","A","Official figure"
"TM","Detailed trade matrix","792","Türkiye","840","United States of America","5910","Export Quantity","0141","Soya beans","2021","2021","t","66239.33","A","Official figure"
"TM","Detailed trade matrix","792","Türkiye","840","United States of America","5910","Export Quantity","0141","Soya beans","2022","2022","t","88375.9","A","Official figure"
"TM","Detailed trade matrix","792","Türkiye","858","Uruguay","5610","Import Quantity","0141","Soya beans","2004","2004","t","2348","A","Official figure"
"TM","Detailed trade matrix","792","Türkiye","858","Uruguay","5610","Import Quantity","0141","Soya beans","2005","2005","t","32904","A","Official figure"
"TM","Detailed trade matrix","792","Türkiye","858","Uruguay","5610","Import Quantity","0141","Soya beans","2007","2007","t","38448","A","Official figure"
"TM","Detailed trade matrix","792","Türkiye","858","Uruguay","5610","Import Quantity","0141","Soya beans","2008","2008","t","20786","A","Official figure"
"TM","Detailed trade matrix","792","Türkiye","858","Uruguay","5610","Import Quantity","0141","Soya beans","2010","2010","t","49406","A","Official figure"
"TM","Detailed trade matrix","792","Türkiye","858","Uruguay","5610","Import Quantity","0141","Soya beans","2011","2011","t","570","A","Official figure"
"TM","Detailed trade matrix","792","Türkiye","858","Uruguay","5610","Import Quantity","0141","Soya beans","2013","2013","t","36962","A","Official figure"
"TM","Detailed trade matrix","792","Türkiye","858","Uruguay","5610","Import Quantity","0141","Soya beans","2014","2014","t","2127.1","A","Official figure"
"TM","Detailed trade matrix","792","Türkiye","858","Uruguay","5610","Import Quantity","0141","Soya beans","2015","2015","t","73287.55","A","Official figure"
"TM","Detailed trade matrix","792","Türkiye","858","Uruguay","5610","Import Quantity","0141","Soya beans","2016","2016","t","45019.64","A","Official figure"
"TM","Detailed trade matrix","792","Türkiye","858","Uruguay","5610","Import Quantity","0141","Soya beans","2020","2020","t","120757.9","A","Official figure"
"TM","Detailed trade matrix","792","Türkiye","858","Uruguay","5610","Import Quantity","0141","Soya beans","2021","2021","t","57704.2","A","Official figure"
"TM","Detailed trade matrix","792","Türkiye","858","Uruguay","5610","Import Quantity","0141","Soya beans","2022","2022","t","14193.6","A","Official figure"
"TM","Detailed trade matrix","792","Türkiye","860","Uzbekistan","5910","Export Quantity","0141","Soya beans","2005","2005","t","0","A","Official figure"
"TM","Detailed trade matrix","792","Türkiye","860","Uzbekistan","5910","Export Quantity","0141","Soya beans","2022","2022","t","324.15","A","Official figure"
